{"cameraMode":{"drawMode":0,"name":"Shaded","section":"Shading Mode"},"sceneLighting":true,"audioPlay":false,"sceneViewState":{"m_AlwaysRefresh":true,"showFog":true,"showSkybox":true,"showFlares":true,"showImageEffects":true,"showParticleSystems":true,"showVisualEffectGraphs":true,"m_FxEnabled":true},"in2DMode":false,"pivot":{"x":-7.108983039855957,"y":7.2478413581848148,"z":-4.234394073486328},"rotation":{"x":-0.08270953595638275,"y":-0.011363719590008259,"z":0.0009431130019947887,"w":-0.996507465839386},"size":35.94422912597656,"orthographic":false}