{"cameraMode":{"drawMode":0,"name":"Shaded","section":"Shading Mode"},"sceneLighting":false,"audioPlay":false,"sceneViewState":{"m_AlwaysRefresh":true,"showFog":true,"showSkybox":false,"showFlares":true,"showImageEffects":true,"showParticleSystems":true,"showVisualEffectGraphs":true,"m_FxEnabled":true},"in2DMode":false,"pivot":{"x":13.877230644226075,"y":0.7861775159835815,"z":0.548114538192749},"rotation":{"x":-0.08270953595638275,"y":-0.011363719590008259,"z":0.0009431130019947887,"w":-0.996507465839386},"size":6.984275817871094,"orthographic":false}